"4","2021-01-07","09:00:00","16:00:00","1","1","1","1","4","2021-01-07 10:15:51","2021-01-20 13:20:55"
"6","2021-01-07","10:45:00","10:30:00","2","","","","1","2021-01-07 10:43:47","2021-01-07 10:43:50"
"7","2021-01-14","11:00:00","","2","","","","1","2021-01-14 10:47:33","2021-01-14 10:47:33"
"8","2021-01-14","11:00:00","","4","","","","1","2021-01-14 10:47:37","2021-01-14 10:47:37"
"9","2021-01-14","11:00:00","10:45:00","10","","","","1","2021-01-14 10:47:40","2021-01-14 10:47:47"
"10","2021-01-14","11:00:00","","8","","","","1","2021-01-14 10:47:43","2021-01-14 10:47:43"
"11","2021-01-14","11:00:00","","12","","","","1","2021-01-14 10:47:50","2021-01-14 10:47:50"
"12","2021-01-14","11:00:00","","14","","","","1","2021-01-14 10:47:54","2021-01-14 10:47:54"
"15","2021-01-18","11:15:00","12:00:00","22","","","1","1","2021-01-18 11:14:54","2021-01-18 11:55:25"
"16","2021-01-18","11:45:00","","17","","","","1","2021-01-18 11:34:51","2021-01-18 11:34:51"
"17","2021-01-18","11:45:00","16:00:00","13","","1","","1","2021-01-18 11:34:55","2021-01-18 11:35:15"
"19","2021-01-18","14:15:00","","20","","","","1","2021-01-18 14:15:12","2021-01-18 14:15:12"
"20","2021-01-18","14:15:00","","6","","","","1","2021-01-18 14:15:14","2021-01-18 14:15:14"
"21","2021-01-18","14:15:00","","4","","","","1","2021-01-18 14:15:17","2021-01-18 14:15:17"
"23","2021-01-19","13:15:00","","8","","","","1","2021-01-19 13:02:52","2021-01-19 13:02:52"
"24","2021-01-19","13:15:00","","14","","","","1","2021-01-19 13:02:54","2021-01-19 13:02:54"
"25","2021-01-19","13:15:00","","16","","","","1","2021-01-19 13:02:56","2021-01-19 13:02:56"
"26","2021-01-19","13:15:00","16:00:00","6","","","","1","2021-01-19 13:02:59","2021-01-19 14:41:34"
"27","2021-01-19","13:30:00","","3","","","","1","2021-01-19 13:25:11","2021-01-19 13:25:11"
"30","2021-01-20","09:00:00","16:00:00","2","","","","1","2021-01-20 10:19:58","2021-01-20 10:19:58"
"31","2021-01-20","09:00:00","16:00:00","10","","1","","3","2021-01-20 10:28:43","2021-01-20 10:28:43"
"32","2021-01-19","09:00:00","13:15:00","10","","","","1","2021-01-20 10:31:57","2021-01-20 10:31:57"
"33","2021-01-18","09:00:00","11:30:00","10","","1","","1","2021-01-20 10:32:28","2021-01-20 10:32:28"
"37","2021-01-20","09:00:00","12:00:00","1","","1","","1","2021-01-20 13:07:43","2021-01-20 13:20:30"
"38","2021-01-20","09:00:00","16:00:00","18","","","","1","2021-01-20 13:21:34","2021-01-20 13:21:34"
"39","2021-01-21","09:00:00","16:00:00","1","","","","1","2021-01-21 11:24:02","2021-01-21 11:24:02"
